N,k,m,PQ,product,result
10,7,2,70,70,✅ Полное совпадение
11,7,2,77,77,✅ Полное совпадение
12,7,2,714,84,🔄 Совпадают последние цифры
13,7,2,721,91,🔄 Совпадают последние цифры
14,7,2,728,98,🔄 Совпадают последние цифры
15,7,2,735,105,🔄 Совпадают последние цифры
16,7,2,742,112,🔄 Совпадают последние цифры
17,7,2,749,119,🔄 Совпадают последние цифры
18,7,2,756,126,🔄 Совпадают последние цифры
19,7,2,763,133,🔄 Совпадают последние цифры
20,7,2,140,140,✅ Полное совпадение
21,7,2,147,147,✅ Полное совпадение
22,7,2,1414,154,🔄 Совпадают начальные цифры
23,7,2,1421,161,🔄 Совпадают начальные цифры
24,7,2,1428,168,🔄 Совпадают начальные цифры
25,7,2,1435,175,🔄 Совпадают начальные цифры
26,7,2,1442,182,🔄 Совпадают начальные цифры
27,7,2,1449,189,🔄 Совпадают начальные цифры
28,7,2,1456,196,🔄 Совпадают начальные цифры
29,7,2,1463,203,🔄 Совпадают последние цифры
30,7,2,210,210,✅ Полное совпадение
31,7,2,217,217,✅ Полное совпадение
32,7,2,2114,224,🔄 Совпадают начальные цифры
33,7,2,2121,231,🔄 Совпадают начальные цифры
34,7,2,2128,238,🔄 Совпадают начальные цифры
35,7,2,2135,245,🔄 Совпадают начальные цифры
36,7,2,2142,252,🔄 Совпадают начальные цифры
37,7,2,2149,259,🔄 Совпадают начальные цифры
38,7,2,2156,266,🔄 Совпадают начальные цифры
39,7,2,2163,273,🔄 Совпадают начальные цифры
40,7,2,280,280,✅ Полное совпадение
41,7,2,287,287,✅ Полное совпадение
42,7,2,2814,294,🔄 Совпадают начальные цифры
43,7,2,2821,301,🔄 Совпадают последние цифры
44,7,2,2828,308,🔄 Совпадают последние цифры
45,7,2,2835,315,🔄 Совпадают последние цифры
46,7,2,2842,322,🔄 Совпадают последние цифры
47,7,2,2849,329,🔄 Совпадают последние цифры
48,7,2,2856,336,🔄 Совпадают последние цифры
49,7,2,2863,343,🔄 Совпадают последние цифры
50,7,2,350,350,✅ Полное совпадение
51,7,2,357,357,✅ Полное совпадение
52,7,2,3514,364,🔄 Совпадают начальные цифры
53,7,2,3521,371,🔄 Совпадают начальные цифры
54,7,2,3528,378,🔄 Совпадают начальные цифры
55,7,2,3535,385,🔄 Совпадают начальные цифры
56,7,2,3542,392,🔄 Совпадают начальные цифры
57,7,2,3549,399,🔄 Совпадают начальные цифры
58,7,2,3556,406,🔄 Совпадают последние цифры
59,7,2,3563,413,🔄 Совпадают последние цифры
60,7,2,420,420,✅ Полное совпадение
61,7,2,427,427,✅ Полное совпадение
62,7,2,4214,434,🔄 Совпадают начальные цифры
63,7,2,4221,441,🔄 Совпадают начальные цифры
64,7,2,4228,448,🔄 Совпадают начальные цифры
65,7,2,4235,455,🔄 Совпадают начальные цифры
66,7,2,4242,462,🔄 Совпадают начальные цифры
67,7,2,4249,469,🔄 Совпадают начальные цифры
68,7,2,4256,476,🔄 Совпадают начальные цифры
69,7,2,4263,483,🔄 Совпадают начальные цифры
70,7,2,490,490,✅ Полное совпадение
71,7,2,497,497,✅ Полное совпадение
72,7,2,4914,504,🔄 Совпадают последние цифры
73,7,2,4921,511,🔄 Совпадают последние цифры
74,7,2,4928,518,🔄 Совпадают последние цифры
75,7,2,4935,525,🔄 Совпадают последние цифры
76,7,2,4942,532,🔄 Совпадают последние цифры
77,7,2,4949,539,🔄 Совпадают последние цифры
78,7,2,4956,546,🔄 Совпадают последние цифры
79,7,2,4963,553,🔄 Совпадают последние цифры
80,7,2,560,560,✅ Полное совпадение
81,7,2,567,567,✅ Полное совпадение
82,7,2,5614,574,🔄 Совпадают начальные цифры
83,7,2,5621,581,🔄 Совпадают начальные цифры
84,7,2,5628,588,🔄 Совпадают начальные цифры
85,7,2,5635,595,🔄 Совпадают начальные цифры
86,7,2,5642,602,🔄 Совпадают последние цифры
87,7,2,5649,609,🔄 Совпадают последние цифры
88,7,2,5656,616,🔄 Совпадают последние цифры
89,7,2,5663,623,🔄 Совпадают последние цифры
90,7,2,630,630,✅ Полное совпадение
91,7,2,637,637,✅ Полное совпадение
92,7,2,6314,644,🔄 Совпадают начальные цифры
93,7,2,6321,651,🔄 Совпадают начальные цифры
94,7,2,6328,658,🔄 Совпадают начальные цифры
95,7,2,6335,665,🔄 Совпадают начальные цифры
96,7,2,6342,672,🔄 Совпадают начальные цифры
97,7,2,6349,679,🔄 Совпадают начальные цифры
98,7,2,6356,686,🔄 Совпадают начальные цифры
99,7,2,6363,693,🔄 Совпадают начальные цифры
100,7,2,700,700,✅ Полное совпадение
